<?xml version="1.0" encoding="UTF-8"?>
<beans xmlns="http://www.springframework.org/schema/beans"
	xmlns:xsi="http://www.w3.org/2001/XMLSchema-instance" xmlns:context="http://www.springframework.org/schema/context"
	xmlns:p="http://www.springframework.org/schema/p"
	xsi:schemaLocation="http://www.springframework.org/schema/beans
    http://www.springframework.org/schema/beans/spring-beans.xsd
    http://www.springframework.org/schema/context
    http://www.springframework.org/schema/context/spring-context.xsd">    
<bean name="emp1" class="in.springprogram.Emp"> <!-- object creation --> 
<property name="name" value="suva"/>
<property name="phones">
<list>
<value>9090223451</value>
<value>7190223451</value>
<value>9438226651</value>
</list>
</property>
<property name="address">
<set>
<value>cuttack</value>
<value>khordha</value>
<value>puri</value>
</set>
</property>
<property name="course">
<map>
<entry key="java" value="4months"/>
<entry key="python" value="3months"/>
<entry key="c" value="2months"/>
</map>
</property>
</bean>
</beans>